CLUB NAME,CLUB CATEGORIES,CLUB INSTAGRAM,CLUB CONTACT
"Academic, Mentorship, and Professional Development Project, The","AMPD provides MSA UCLA members services and resources to become stronger Muslim leaders in the academic and professional spheres through free textbook loans and study notes, peer and alumni...", ,"[<p class=""contact"">
<a href=""mailto:ampdacademics@gmail.com"">ampdacademics@gmail.com</a><br/>
</p>]"
Academy Health Student Chapter at UCLA,"In partnership with the health services research community, we strive to:  Provide peer support by:  - Creating opportunities for interaction among peers - Reaching out and connecting with other...", ,"[<p class=""contact"">
<a href=""http://www.studentgroups.ucla.edu/academyhealth"">http://www.studentgroups.ucla.edu/academyhealth</a><br/>
<a href=""mailto:uclaacademyhealth@gmail.com"">uclaacademyhealth@gmail.com</a><br/>
</p>]"
AI Robotics Ethics Society ,"As technology advances at an exponential rate, it is imperative that we begin thinking about how Artificial Intelligence (AI) will impact society at different levels of daily life, with a focus on...", ,"[<p class=""contact"">
<a href=""https://airesucla8.wixsite.com/mysite"">https://airesucla8.wixsite.com/mysite</a><br/>
<a href=""mailto:airesucla@gmail.com"">airesucla@gmail.com</a><br/>
</p>]"
Aleph: Undergraduate Research Journal for the Humanities and Social Sciences,"Aleph (pronounced “ah-lef”) is UCLA’s only official journal publishing undergraduate research in the humanities, social sciences, and behavioral sciences. Run by undergraduates who review...", ,"[<p class=""contact"">
<a href=""http://aleph.humanities.ucla.edu/"">http://aleph.humanities.ucla.edu/</a><br/>
<a href=""mailto:alephjournal@ucla.edu"">alephjournal@ucla.edu</a><br/>
</p>]"
"Alpha Chi Sigma, Beta Gamma Chapter",We are a professional and social fraternity for men and women in the chemical sciences. All members are bound by three fraternal objects:  To bind its members with a tie of true and lasting..., ,"[<p class=""contact"">
<a href=""http://www.chem.ucla.edu/axe/about.html"">http://www.chem.ucla.edu/axe/about.html</a><br/>
<a href=""mailto:axs.betagamma@gmail.com"">axs.betagamma@gmail.com</a><br/>
</p>]"
Alpha Lambda Delta Phi Eta Sigma,"The ALD|PES Honor Societies exist to promote academic integrity, excellence and community among students. Furthermore, ALD|PES strives to encourage community service and support philanthropic events...", ,"[<p class=""contact"">
<a href=""http://uclaaldpes.com"">http://uclaaldpes.com</a><br/>
<a href=""mailto:aldpes.president@gmail.com"">aldpes.president@gmail.com</a><br/>
</p>]"
American Association of Neurological Surgeons,DGSOM Medical Student Chapter of the American Association of Neurological Surgeons (AANS). Focused on promoting students' interest in pursuing a career in neurological surgery. , ,"[<p class=""contact"">
<a href=""mailto:aans.dgsom@gmail.com"">aans.dgsom@gmail.com</a><br/>
</p>]"
American Institute of Chemical Engineers,The American Institute of Chemical Engineers (AIChE) is a professional organization for chemical engineers. AIChE was established in 1908 with the purpose of establishing chemical engineers as a..., ,"[<p class=""contact"">
<a href=""http://aiche.seas.ucla.edu/"">http://aiche.seas.ucla.edu/</a><br/>
<a href=""mailto:aiche@ucla.edu"">aiche@ucla.edu</a><br/>
</p>]"
American Lung Cancer Screening Initiative," Here at the American Lung Cancer Screening Initiative, it is our mission to spread awareness about the importance of lung cancer screening for high-risk...", ,"[<p class=""contact"">
<a href=""https://www.alcsi.org/screening"">https://www.alcsi.org/screening</a><br/>
<a href=""mailto:uclaalcsi@gmail.com"">uclaalcsi@gmail.com</a><br/>
</p>]"
American Medical Student Association (AMSA),"The American Medical Student Association, Premedical Chapter at UCLA, is committed to improving health care and healthcare delivery to all people; involving its members in the social, moral and...", ,"[<p class=""contact"">
<a href=""https://www.amsabruins.com/"">https://www.amsabruins.com/</a><br/>
<a href=""mailto:amsabruins@gmail.com"">amsabruins@gmail.com</a><br/>
</p>]"
Anesthesiology Student Interest Group (ASIG) ,The Anesthesiology Interest Group at David Geffen School of Medicine aims to increase awareness and interest in Anesthesiology as it is a specialty that students have very little exposure to in the..., ,"[<p class=""contact"">
<a href=""http://uclahealth.org/anes/anesthesia-student-interest-group"">http://uclahealth.org/anes/anesthesia-student-interest-group</a><br/>
<a href=""mailto:dgsom.asig@gmail.com"">dgsom.asig@gmail.com</a><br/>
</p>]"
Animatrix,"Originally founded in 1984, Animatrix is an annual academic film journal that allows students and scholars an opportunity to publish illustrations, interviews, and research-based critical articles...", ,"[<p class=""contact"">
<a href=""mailto:animation2487@tft.ucla.edu"">animation2487@tft.ucla.edu</a><br/>
</p>]"
Arab American Association of Engineers and Architects (AAAEA),"The UCLA student chapter of the Arab American Association of Engineers and Architects (AAAEA), founded in 2015, is a non-political, non-religious, professional and social club dedicated to...", ,"[<p class=""contact"">
<a href=""https://aaaeaca.org/bruin-student-chapter/"">https://aaaeaca.org/bruin-student-chapter/</a><br/>
<a href=""mailto:ucla.aaaea@gmail.com"">ucla.aaaea@gmail.com</a><br/>
</p>]"
Armenian Engineers and Scientists Association (AESA),An organization for anyone interested in Engineering and Science in the Armenian community.,https://www.instagram.com/ampducla/,"[<p class=""contact"">
<a href=""mailto:aesaatucla@gmail.com"">aesaatucla@gmail.com</a><br/>
</p>]"
Art History Undergraduate Student Association,"The Art History Undergraduate Student Association (AHUSA) is an organization that provides extracurricular enrichment in the field of Art History to majors and non-majors. In addition, AHUSA hopes to...", ,"[<p class=""contact"">
<a href=""http://arthistory.ucla.edu/undergraduates-ahusa/"">http://arthistory.ucla.edu/undergraduates-ahusa/</a><br/>
<a href=""mailto:bruins.ahusa@gmail.com"">bruins.ahusa@gmail.com</a><br/>
</p>]"
Association of Students in Child Development,The purpose of the Association of Students in Child Development is to create a student-led organization that will serve as a resource for students who are interested in working with or on behalf of..., ,"[<p class=""contact"">
<a href=""mailto:ascdatucla@gmail.com"">ascdatucla@gmail.com</a><br/>
</p>]"
Astronomical Society,The purpose of this organization is to host and create astronomy-related events openly accessible and available to all members of the UCLA community and the surrounding communities.  As an extension..., ,"[<p class=""contact"">
<a href=""mailto:uas@astro.ucla.edu"">uas@astro.ucla.edu</a><br/>
</p>]"
Aware At UCLA ,"Aware’s mission is to create a safe space where students can discuss relevant ethical issues in order to build their own identities, be better advocates, and participate in thoughtful, non-judgmental...", ,"[<p class=""contact"">
<a href=""https://awareatucla.weebly.com"">https://awareatucla.weebly.com</a><br/>
<a href=""mailto:aware.ucla@gmail.com"">aware.ucla@gmail.com</a><br/>
</p>]"
Basic Dental Principles at UCLA ,Basic Dental Principles (BDP) is a program created to provide undergraduate and post-baccalaureate students the opportunity to gain more knowledge into the field of dentistry. The program consists of..., ,"[<p class=""contact"">
<a href=""http://uclabdp.com"">http://uclabdp.com</a><br/>
<a href=""mailto:uclabdp@gmail.com"">uclabdp@gmail.com</a><br/>
</p>]"
Bioengineering Graduate Association,"The Bioengineering Graduate Association (BGA) at UCLA was established to facilitate the communication of graduate students with department members, encourage the involvement of students in the...", ,"[<p class=""contact"">
<a href=""mailto:bga@g.ucla.edu"">bga@g.ucla.edu</a><br/>
</p>]"
Biomedical Engineering Society,The purpose of UCLA BMES is to provide students interested in Biomedical Engineering with a place to meet and collaborate with other interested individuals. UCLA BMES promotes community and builds..., ,"[<p class=""contact"">
<a href=""http://bmes.seas.ucla.edu/"">http://bmes.seas.ucla.edu/</a><br/>
<a href=""mailto:bmes@ucla.edu"">bmes@ucla.edu</a><br/>
</p>]"
Botanical Club at UCLA,"The Botanical Club's mission is to act as a student hub for the promotion of botanical research, appreciation and outreach. The Botanical Club's interests are interdisciplinary and integrated across...", ,"[<p class=""contact"">
<a href=""mailto:uclabotanicalclub@gmail.com"">uclabotanicalclub@gmail.com</a><br/>
</p>]"
Bruin Association of Students in Education,"Founded in 2022, the Bruin Association of Students in Education was formed out of a need to create a space for a motivated group that spans across the entire student body but does not have a...", ,"[<p class=""contact"">
<a href=""https://sites.google.com/g.ucla.edu/uclabase/home"">https://sites.google.com/g.ucla.edu/uclabase/home</a><br/>
<a href=""mailto:base.ucla@gmail.com"">base.ucla@gmail.com</a><br/>
</p>]"
Bruin Battalion Army ROTC,The members of the Bruin Battalion Corps of Cadets represent UCLA’s branch of the Army Reserve Officer Training Corps (R.O.T.C.). This voluntary training program allows students to qualify for an..., ,"[<p class=""contact"">
<a href=""http://milsci.ucla.edu/"">http://milsci.ucla.edu/</a><br/>
<a href=""mailto:armyrotc@milsci.ucla.edu"">armyrotc@milsci.ucla.edu</a><br/>
</p>]"
Bruin Consulting,We are a management consultancy dedicated to helping businesses navigate the strategic challenges of the 21st century. We partner with clients ranging from startups to Fortune 500 companies to..., ,"[<p class=""contact"">
<a href=""https://www.bruinconsulting.org/"">https://www.bruinconsulting.org/</a><br/>
<a href=""mailto:bruinconsulting@gmail.com"">bruinconsulting@gmail.com</a><br/>
</p>]"
Bruin Contemporary Business,Bruin Contemporary Business at UCLA is a dynamic community uniting students passionate about modern business practices. The club serves as a vital resource for financial literacy in today's..., ,"[<p class=""contact"">
<a href=""mailto:bcfucla@gmail.com"">bcfucla@gmail.com</a><br/>
</p>]"
Bruin Earth Solutions,"Bruin Earth Solutions (BES) is a student-run environmental club that facilitates various sustainable projects around campus. At BES we cover all disciplines of sustainability: Engineering, Biology,...", ,"[<p class=""contact"">
<a href=""http://bruinhomesolutions.com/"">http://bruinhomesolutions.com/</a><br/>
<a href=""mailto:bhs@g.ucla.edu"">bhs@g.ucla.edu</a><br/>
</p>]"
Bruin Historical Association,"The Bruin Historical Association is a student organization that exists to form a broad coalition of UCLA students dedicated to promoting common historical interest, combating the spread of historical...", ,"[<p class=""contact"">
<a href=""http://bruinhistoricalassociation.org"">http://bruinhistoricalassociation.org</a><br/>
<a href=""mailto:bruin.historical.association@gmail.com"">bruin.historical.association@gmail.com</a><br/>
</p>]"
Bruin Linguists Society,"The Bruin Linguists Society (BLing) is the UCLA Linguistics’ undergraduate student association. We host events every quarter that are geared towards undergraduate students’ success in career,...", ,"[<p class=""contact"">
<a href=""https://tinyurl.com/bruinlinguists"">https://tinyurl.com/bruinlinguists</a><br/>
<a href=""mailto:bruinlinguists@gmail.com"">bruinlinguists@gmail.com</a><br/>
</p>]"
Bruin Policy Institute,"The Bruin Policy Institute is a policy think tank that facilitates policy discussion, publishes memos in our journal, and advocates for progressive solutions backed by academic evidence. We invite...", ,"[<p class=""contact"">
<a href=""https://uclaroosevelt.wixsite.com/bruinpolicyinstitute"">https://uclaroosevelt.wixsite.com/bruinpolicyinstitute</a><br/>
<a href=""mailto:bruinpolicyinstitute@gmail.com"">bruinpolicyinstitute@gmail.com</a><br/>
</p>]"
"Bruin Review, The",A publication focused on civil discourse and diversity of thought. The student solution for a lack of healthy disagreement on campus., ,"[<p class=""contact"">
<a href=""http://bruinreview.com"">http://bruinreview.com</a><br/>
<a href=""mailto:management@bruinreview.com"">management@bruinreview.com</a><br/>
</p>]"
Bruin Strategic Advisory ,"Bruin Strategic Advisory is the gathering of like-minded students that are passionate about both finance and management consulting. Bruin Strategic Advisory has a consulting focus, but will help...", ,"[<p class=""contact"">
<a href=""mailto:samoh2026@g.ucla.edu"">samoh2026@g.ucla.edu</a><br/>
</p>]"
California Geotechnical Engineering Association at UCLA,The CalGeo Student Chapter at UCLA has a simple goal: build lasting connections between the academic and industrial faces in the field of Geotechnical/Earthquake engineering. We present opportunities..., ,"[<p class=""contact"">
<a href=""http://calgeobruins.org/"">http://calgeobruins.org/</a><br/>
<a href=""mailto:calgeobruins@gmail.com"">calgeobruins@gmail.com</a><br/>
</p>]"
Carbon Neutrality Society,"As climate change accelerates, addressing carbon emissions has never been more critical. The Carbon Neutrality Society at UCLA aspires to foster a community of environmentally conscious minds,...", ,"[<p class=""contact"">
<a href=""mailto:carbonneutralitysociety@gmail.com"">carbonneutralitysociety@gmail.com</a><br/>
</p>]"
CELL Scholars ,CELL Scholars (Cultivating Early Laboratory Learning) is a UCLA science outreach organization which aims to provide early exposure to scientific research and to increase diversity and inclusion in..., ,"[<p class=""contact"">
<a href=""https://bri.ucla.edu/outreach/cell-scholars/"">https://bri.ucla.edu/outreach/cell-scholars/</a><br/>
<a href=""mailto:cellscholars@gmail.com"">cellscholars@gmail.com</a><br/>
</p>]"
"Center for Language, Interaction and Culture Graduate Student Association (CLIC GSA)","CLIC GSA is a student organization that promotes interdisciplinary work at the intersections of language, culture, and conversational activities. Members include primarily graduate (and also...", ,"[<p class=""contact"">
<a href=""mailto:clicgsaconference@gmail.com"">clicgsaconference@gmail.com</a><br/>
</p>]"
Center for the Liberal Arts and Free Institutions,"CLAFI’s purpose is to study great literary, artistic, and cultural achievements, with particular emphasis on the foundations of free institutions. Through lectures, seminars, and public events, CLAFI...", ,"[<p class=""contact"">
<a href=""http://www.clafi.ucla.edu"">http://www.clafi.ucla.edu</a><br/>
<a href=""mailto:clafi.bruin@gmail.com"">clafi.bruin@gmail.com</a><br/>
</p>]"
Chi Epsilon Pi (XEP),Graduate student organization for the Atmospheric and Oceanic Sciences Department., ,"[<p class=""contact"">
<a href=""https://xep.atmos.ucla.edu/"">https://xep.atmos.ucla.edu/</a><br/>
<a href=""mailto:xep@atmos.ucla.edu"">xep@atmos.ucla.edu</a><br/>
</p>]"
"Chi Epsilon, The Civil Engineering Honor Society","Dedicated to the purpose of maintaining and promoting the status of civil engineering as an ideal profession, Chi-Epsilon was organized to recognize the characteristics of the individual civil...", ,"[<p class=""contact"">
<a href=""https://uclaxe.wixsite.com/site"">https://uclaxe.wixsite.com/site</a><br/>
<a href=""mailto:chiepsilon@g.ucla.edu"">chiepsilon@g.ucla.edu</a><br/>
</p>]"
CNS (Clinical Neurogenomics Students) ,CNS students work alongside medical staff and researchers to help in the effort to bank patient samples from the UCLA Neurology Clinic at the Ronald Reagan Medical Center. The mission of the..., ,"[<p class=""contact"">
<a href=""https://cnsatucla.weebly.com/"">https://cnsatucla.weebly.com/</a><br/>
<a href=""mailto:cnsatucla@gmail.com"">cnsatucla@gmail.com</a><br/>
</p>]"
Cognitive Science and Artificial Intelligence,"Club designed for but not limited to Cognitive Science majors and individuals interested in Cognitive Science. We will talk about relevant news stories regarding artificial intelligence, current...", ,"[<p class=""contact"">
<a href=""https://csaiatucla.com/"">https://csaiatucla.com/</a><br/>
<a href=""mailto:jedward13@g.ucla.edu"">jedward13@g.ucla.edu</a><br/>
</p>]"
Collaboration in Undergraduate Research Enrichment at UCLA,CURE at UCLA is an organization of undergraduate researchers who are dedicated to improving the undergraduate research experience. We aim to provide students with the resources and mentorship that..., ,"[<p class=""contact"">
<a href=""http://cureatucla.weebly.com/"">http://cureatucla.weebly.com/</a><br/>
<a href=""mailto:outreach.cureatucla@gmail.com"">outreach.cureatucla@gmail.com</a><br/>
</p>]"
Community College Field Biology Alliance,"The Community College Field Biology Alliance will provide community college students from underrepresented groups in science, technology, engineering, and math  (STEM) the opportunity to experience...", ,"[<p class=""contact"">
<a href=""https://www.ccfieldbiologyalliance.org/"">https://www.ccfieldbiologyalliance.org/</a><br/>
<a href=""mailto:CCFBioAlliance@gmail.com"">CCFBioAlliance@gmail.com</a><br/>
</p>]"
Community Health Sciences Student Association (CHSSA),"The Community Health Sciences Student Association (CHSSA) is a student-run organization, whose mission is to cultivate community and connectedness among students in the Fielding School of Public...", ,"[<p class=""contact"">
<a href=""mailto:chssa.uclafsph@gmail.com"">chssa.uclafsph@gmail.com</a><br/>
</p>]"
Comparative Literature Graduate Student Association ,"The Comparative Literature Graduate Student Association (CLGSA) acts as a bridge between graduate students, faculty, the Humanities Administrative Group (HAG) and the wider UCLA community. Members of...", ,"[<p class=""contact"">
<a href=""mailto:clgsa@humnet.ucla.edu"">clgsa@humnet.ucla.edu</a><br/>
</p>]"
Computational Biologists Society,"The Computational Biologists Society is a student organization which aims to connect students from computational biology and related fields, to provide resources and guidance to students in the...", ,"[<p class=""contact"">
<a href=""https://compbiosocucla.wixsite.com/my-site"">https://compbiosocucla.wixsite.com/my-site</a><br/>
<a href=""mailto:compbiosocucla@gmail.com"">compbiosocucla@gmail.com</a><br/>
</p>]"
Computational Chemistry Club @ UCLA,Computational Chemistry Club aims to build bridges between general chemistry and its advanced topics. By supporting theoretical and computational chemistry research for undergraduates and exploring..., ,"[<p class=""contact"">
<a href=""mailto:timduong360@g.ucla.edu"">timduong360@g.ucla.edu</a><br/>
</p>]"
ConnectEd Research,"Our purpose is to establish an academic community where we share research and academic resources with undergraduates from various majors and backgrounds, especially international students, ethnic...", ,"[<p class=""contact"">
<a href=""mailto:siagao@ucla.edu"">siagao@ucla.edu</a><br/>
</p>]"
Creative Labs UCLA,We are a community of UCLA creatives working on cool projects to discover even cooler passions. We foster creativity and passion within the student body and help students bring their creative project..., ,"[<p class=""contact"">
<a href=""https://www.creativelabsucla.com/"">https://www.creativelabsucla.com/</a><br/>
<a href=""mailto:uclacreatives@gmail.com"">uclacreatives@gmail.com</a><br/>
</p>]"
Debate Union at UCLA,"The Debate Union is a debate team geared towards the British Parliamentary (BP) debate format. We aim to teach the skills integral to success in debate, excel in BP tournaments, and create a space...", ,"[<p class=""contact"">
<a href=""http://www.debateunionatucla.com"">http://www.debateunionatucla.com</a><br/>
<a href=""mailto:debateunion@ucla.edu"">debateunion@ucla.edu</a><br/>
</p>]"
Delson Scholar Society,"Available to entering students in the UCLA College who submit a Statement of Intent to Register, and who have financial need as determined by the UCLA Financial Aid Office. Candidates must be Bell or...", ,"[<p class=""contact"">
<a href=""mailto:delsonscholars@gmail.com"">delsonscholars@gmail.com</a><br/>
</p>]"
Design Build Fly at UCLA,"Design Build Fly (DBF) at UCLA is an interdisciplinary student team dedicated to researching, designing, manufacturing, and flying model aircrafts. Each year, the team constructs an aircraft designed...", ,"[<p class=""contact"">
<a href=""https://dbfatucla.github.io/DBFatUCLA/"">https://dbfatucla.github.io/DBFatUCLA/</a><br/>
<a href=""mailto:designbuildfly@g.ucla.edu"">designbuildfly@g.ucla.edu</a><br/>
</p>]"
Ecology and Evolutionary Biology Undergraduate Association (EEBUA),"The purpose of the Association is to provide for its members a means of creating stronger ties to the Department, its alumni and fellow students; a means of representing their opinions to the...", ,"[<p class=""contact"">
<a href=""https://www.eeb.ucla.edu/"">https://www.eeb.ucla.edu/</a><br/>
<a href=""mailto:EEBundergradassoc@gmail.com"">EEBundergradassoc@gmail.com</a><br/>
</p>]"
Emergency Medicine Research Associates (EMRA),"To promote the improvement of Emergency Medicine through conducting clinical research intended to contribute scientific knowledge to the medical community, improve patient care, and bolster...", ,"[<p class=""contact"">
<a href=""https://emra.dgsom.ucla.edu/pages/"">https://emra.dgsom.ucla.edu/pages/</a><br/>
<a href=""mailto:uclaemrastaff@mednet.ucla.edu"">uclaemrastaff@mednet.ucla.edu</a><br/>
</p>]"
Environmental Health Sciences Student Association,"The Environmental Health Sciences Student Association (EHSSA) is a student group that serves incoming and returning MPH, MS, and PhD students in the Environmental Health Sciences Department at UCLA...",https://www.instagram.com/airesucla/,"[<p class=""contact"">
<a href=""https://ehs.ph.ucla.edu/pages/ehssa"">https://ehs.ph.ucla.edu/pages/ehssa</a><br/>
<a href=""mailto:ehsstudents@gmail.com"">ehsstudents@gmail.com</a><br/>
</p>]"
Epidemiology Student Association,"The Epidemiology Student Association is a student group aimed at connecting new and current students in the Department of Epidemiology MPH, MS, and PhD programs at UCLA. We are a resource for social...", ,"[<p class=""contact"">
<a href=""mailto:uclaesa@gmail.com"">uclaesa@gmail.com</a><br/>
</p>]"
Exploring Your Universe,Exploring Your Universe (EYU) is an organization that produces an annual K-12 science fair event at UCLA each year on the first Sunday in November.  We organize and host hundreds of volunteers to..., ,"[<p class=""contact"">
<a href=""http://exploringyouruniverse.ucla.edu"">http://exploringyouruniverse.ucla.edu</a><br/>
<a href=""mailto:eyu.ucla@gmail.com"">eyu.ucla@gmail.com</a><br/>
</p>]"
Financial Investment and Technology at UCLA,"Financial Investment and Technology at UCLA (FIT) aim to help student majoring or minoring in financial, economics, actuarial, or any other relative field to practice their knowledge in real-life...", ,"[<p class=""contact"">
<a href=""https://www.uclafit.com/home"">https://www.uclafit.com/home</a><br/>
<a href=""mailto:fitucla2023@gmail.com"">fitucla2023@gmail.com</a><br/>
</p>]"
"Gamma Zeta Alpha Fraternity, Inc.","In 1987, fifteen men came together to found what would later become known as Gamma Zeta Alpha Fraternity, Inc. -- Recognizing the difficulties facing Latinos in higher education, the founders sought...", ,"[<p class=""contact"">
<a href=""https://gammas.org/"">https://gammas.org/</a><br/>
<a href=""mailto:president.gammas.eta@gmail.com"">president.gammas.eta@gmail.com</a><br/>
</p>]"
"Genetic Exploration, Networking, and Education (GENE)","We are a student group dedicated to promoting professional training in genetics and molecular biology through study, scientific research, and collaboration at both the national and international...", ,"[<p class=""contact"">
<a href=""mailto:uclagene1919@gmail.com"">uclagene1919@gmail.com</a><br/>
</p>]"
German Club at UCLA,"The German Club at UCLA aims to promote and provide space for German language and cultural learning. Moreover, the organization encourages critical engagement with German art, media, and history to...", ,"[<p class=""contact"">
<a href=""mailto:germanclubatucla@gmail.com"">germanclubatucla@gmail.com</a><br/>
</p>]"
Global Development Lab (GDL),Global Development Lab (GDL) is a UCLA student-run organization that endeavors to create a community of undergraduates with a passion for international development and establish a space for students..., ,"[<p class=""contact"">
<a href=""https://thedevlab.org/"">https://thedevlab.org/</a><br/>
<a href=""mailto:devlabucla@gmail.com"">devlabucla@gmail.com</a><br/>
</p>]"
Global Medical Brigades,The UCLA Chapter of Global Brigades is a student-led group that supports Global Brigades in the implementation of a holistic model to meet the health and economic goals of rural communities in other..., ,"[<p class=""contact"">
<a href=""https://fundraise.globalbrigades.org/empowered/chapter/university-of-california-los-angeles-medical-"">https://fundraise.globalbrigades.org/empowered/chapter/university-of-california-los-angeles-medical-</a><br/>
<a href=""mailto:medicalbrigadesucla@gmail.com"">medicalbrigadesucla@gmail.com</a><br/>
</p>]"
Golden Key International Honor Society at UCLA,"Golden Key is an International Honour Society, which recognizes and encourages scholastic achievement and excellence among college and university students from all academic disciplines. Membership...", ,"[<p class=""contact"">
<a href=""http://www.goldenkey.org/"">http://www.goldenkey.org/</a><br/>
<a href=""mailto:epasser@saonet.ucla.edu"">epasser@saonet.ucla.edu</a><br/>
</p>]"
Graduate Economics Association,The GEA is an academic organization run by and for graduate students in the Economics Department at UCLA. Its objective is to improve the quality of life for students in the department., ,"[<p class=""contact"">
<a href=""mailto:econ.ucla@gmail.com"">econ.ucla@gmail.com</a><br/>
</p>]"
Graduate Student Association of Archaeology,The Graduate Student Association of Archaeology is an organization governed by graduate students with an archaeological specialization at UCLA.  The Association's main objective is to distribute..., ,"[<p class=""contact"">
<a href=""mailto:archaeologygsa@gmail.com"">archaeologygsa@gmail.com</a><br/>
</p>]"
Graduate Student Linguistics Organization (GSLO) ,The Graduate Student Linguistics Organization (GSLO) emphasizes the study and the promotion of the field of linguistics inside and outside our department. Our responsibility is to create events..., ,"[<p class=""contact"">
<a href=""mailto:mateos+gslo@ucla.edu"">mateos+gslo@ucla.edu</a><br/>
</p>]"
Graduate Student Nursing Association (GSNA),Graduate Student Nursing Association (GSNA), ,"[<p class=""contact"">
<a href=""mailto:gsnainla@gmail.com"">gsnainla@gmail.com</a><br/>
</p>]"
Head and Neck Surgery Interest Group (HNSIG),Interest group for medical students interested in head and neck surgery., ,"[<p class=""contact"">
<a href=""mailto:sionemarkarian@mednet.ucla.edu"">sionemarkarian@mednet.ucla.edu</a><br/>
</p>]"
Health Care Symposium,The Health Care Symposium is an annual conference organized by students at the David Geffen School of Medicine about the most pressing subjects facing the future of health care. The conference is..., ,"[<p class=""contact"">
<a href=""http://hcs.dgsom.ucla.edu/"">http://hcs.dgsom.ucla.edu/</a><br/>
<a href=""mailto:mtriest@mednet.ucla.edu"">mtriest@mednet.ucla.edu</a><br/>
</p>]"
HealthSpeaks,"HealthSpeak is a club dedicated to fostering critical thinking, problem-solving skills, and public speaking pro fiency in students while exploring a wide range of public health-related topics. Our...", ,"[<p class=""contact"">
<a href=""mailto:nandinig04@g.ucla.edu"">nandinig04@g.ucla.edu</a><br/>
</p>]"
Helping Give Away Psychological Science (HGAPS) at UCLA,"Helping Give Away Psychological Science (HGAPS; pronounced as two syllables: ""H-GAPS"") is a national, educational service-based nonprofit 501(c)(3) dedicated to helping the best free information...", ,"[<p class=""contact"">
<a href=""https://www.hgaps.org/"">https://www.hgaps.org/</a><br/>
<a href=""mailto:hgapsatucla@gmail.com"">hgapsatucla@gmail.com</a><br/>
</p>]"
History Graduate Students Association,We are an association of graduate students in the UCLA Department of History., ,"[<p class=""contact"">
<a href=""http://history.ucla.edu/academics/graduate/hgsa"">http://history.ucla.edu/academics/graduate/hgsa</a><br/>
<a href=""mailto:hgsaucla@gmail.com"">hgsaucla@gmail.com</a><br/>
</p>]"
History Honor Society - Phi Alpha Theta,"Established in 1921, Phi Alpha Theta is a professional society focused on promoting the study of history by encouraging research, publication, and the exchange of ideas. Phi Alpha Theta hosts a...", ,"[<p class=""contact"">
<a href=""https://pathonors.wordpress.com/"">https://pathonors.wordpress.com/</a><br/>
<a href=""mailto:uclahistoryhonors@gmail.com"">uclahistoryhonors@gmail.com</a><br/>
</p>]"
Humanities Council,Humanities Council is one of the thirteen academic councils under the umbrella of the Graduate Student Association. Membership of this organization consists of UCLA graduate students in the..., ,"[<p class=""contact"">
<a href=""mailto:hsc@gsa.asucla.ucla.edu"">hsc@gsa.asucla.ucla.edu</a><br/>
</p>]"
In Transcription. @UCLA,"In Transcription (InT) @UCLA is a community built for future scientists and entrepreneurs, founded in 2022 Winter by 7 ambitious Life Science undergraduates. We aim to aid the ambitions and...", ,"[<p class=""contact"">
<a href=""https://intranscriptionatucla.org/"">https://intranscriptionatucla.org/</a><br/>
<a href=""mailto:intucla22@gmail.com"">intucla22@gmail.com</a><br/>
</p>]"
Indo-European Studies Student Alliance (IESSA),"The IESSA promotes the study of Indo-European languages, archaeology, culture, mythology, and poetics, with special emphasis on Indo-European linguistics. The organization of the annual UCLA...",https://instagram.com/aleph_ucla?igshid=NTc4MTIwNjQ2YQ==,"[<p class=""contact"">
<a href=""http://pies.ucla.edu"">http://pies.ucla.edu</a><br/>
<a href=""mailto:elimigliaretti@ucla.edu"">elimigliaretti@ucla.edu</a><br/>
</p>]"
Internal Medicine Interest Group,The mission of the DGSOM-UCLA Internal Medicine Interest Group (IMIG) is to provide students with information about internal medicine as a medical specialty and as a possible career; expose students..., ,"[<p class=""contact"">
<a href=""mailto:imig.dgsom@gmail.com"">imig.dgsom@gmail.com</a><br/>
</p>]"
International & Human Rights Law Association,To provide a forum for law students to develop knowledge and share experience in international human rights law., ,"[<p class=""contact"">
<a href=""mailto:ihrla@lawnet.ucla.edu"">ihrla@lawnet.ucla.edu</a><br/>
</p>]"
International Society for Pharmaceutical Engineering at UCLA,"ISPE is the professional society for students interested in the biotechnology, biomedical, and pharmaceutical fields. Engineering and science majors of all types are encouraged to join. Our goal is...", ,"[<p class=""contact"">
<a href=""https://ucla-ispe.weebly.com/"">https://ucla-ispe.weebly.com/</a><br/>
<a href=""mailto:ucla.ispe@gmail.com"">ucla.ispe@gmail.com</a><br/>
</p>]"
LA Hacks,LA Hacks is a student-run organization that brings students from around the world together to build creative and innovative solutions to the world's most pressing issues. Our mission is to foster a..., ,"[<p class=""contact"">
<a href=""https://lahacks.com"">https://lahacks.com</a><br/>
<a href=""mailto:info@lahacks.com"">info@lahacks.com</a><br/>
</p>]"
"Lambda Theta Alpha Latin Sorority, Inc.","The purpose of Lambda Theta Alpha shall be to provide a Sisterhood based on Unity, Love, and Respect. To develop strong leaders who will then provide and practice political, social and cultural...", ,"[<p class=""contact"">
<a href=""https://overachievers.wixsite.com/ltaucla"">https://overachievers.wixsite.com/ltaucla</a><br/>
<a href=""mailto:lta.president.ucla@gmail.com"">lta.president.ucla@gmail.com</a><br/>
</p>]"
Latinas Guiding Latinas,"Since 1987, Latinas Guiding Latinas de UCLA (LGL) has mentored elementary, middle, and high school students from the East Los Angeles and South Los Angeles in effort to promote and help students...", ,"[<p class=""contact"">
<a href=""mailto:lgldeucla@gmail.com"">lgldeucla@gmail.com</a><br/>
</p>]"
Latinx Graduation,"Latinx Graduation is a student-initiated and student-run graduation ceremony that celebrates and honors the hard work of Latinx graduating students, their families, and their communities....", ,"[<p class=""contact"">
<a href=""https://www.uclalatinxgraduation.com/"">https://www.uclalatinxgraduation.com/</a><br/>
<a href=""mailto:latinxgrad@g.ucla.edu"">latinxgrad@g.ucla.edu</a><br/>
</p>]"
Latinxs/Chicanxs for Community Medicine (LCCM),Latinxs/Chicanxs for Community Medicine is a pre-health organization committed to improving the quality of health care in underserved communities. LCCM does this by first hand exposure to the..., ,"[<p class=""contact"">
<a href=""http://ccmatucla.weebly.com/"">http://ccmatucla.weebly.com/</a><br/>
<a href=""mailto:lccm.internal@gmail.com"">lccm.internal@gmail.com</a><br/>
</p>]"
Life Sciences Student Association,"The Life Sciences Student Association aims to serve Life Science students with their academic and social needs, by cross-campus collaboration, programming, and other community-building activities.", ,"[<p class=""contact"">
<a href=""https://uclalssa.wixsite.com/lssa"">https://uclalssa.wixsite.com/lssa</a><br/>
<a href=""mailto:lssa.ucla@gmail.com"">lssa.ucla@gmail.com</a><br/>
</p>]"
Lifelong Learners,Provide support for the unique obstacles faced by students 30 and older returning to higher education after a gap of a year or longer...., ,"[<p class=""contact"">
<a href=""mailto:growbloomlove@g.ucla.edu"">growbloomlove@g.ucla.edu</a><br/>
</p>]"
Luskin Undergraduate Student Association,"The Luskin Undergraduate Student Association (LUSA) is an organization for all Public Affair majors and minors that offers an intersectional space for discussion, mentorship, opportunities, and...", ,"[<p class=""contact"">
<a href=""http://luskin-undergraduate-student-association.webnode.page/"">http://luskin-undergraduate-student-association.webnode.page/</a><br/>
<a href=""mailto:Ucla.lusa.org@gmail.com"">Ucla.lusa.org@gmail.com</a><br/>
</p>]"
Materials Research Society at UCLA,"The Materials Research Society (MRS) Student Chapter at UCLA is the academic, professional and social organization for students interested in materials science. MRS competes in the international...", ,"[<p class=""contact"">
<a href=""http://mrsatucla.com"">http://mrsatucla.com</a><br/>
<a href=""mailto:general.mrs.ucla@gmail.com"">general.mrs.ucla@gmail.com</a><br/>
</p>]"
MEDAL,"MEDAL (Medical Education and Learning) is a student-run organization dedicated to supporting healthcare professionals in their goals to achieve proficiency in the English language, build excellent...", ,"[<p class=""contact"">
<a href=""https://medalatucla.wixsite.com/domain"">https://medalatucla.wixsite.com/domain</a><br/>
<a href=""mailto:medalatucla@gmail.com"">medalatucla@gmail.com</a><br/>
</p>]"
Mester ,"Mester is the graduate student academic journal of the Department of Spanish and Portuguese at the University of California, Los Angeles. Mester publishes articles, interviews, and book reviews on...", ,"[<p class=""contact"">
<a href=""http://escholarship.org/uc/ucla_spanport_mester"">http://escholarship.org/uc/ucla_spanport_mester</a><br/>
<a href=""mailto:mester@ucla.edu"">mester@ucla.edu</a><br/>
</p>]"
Metis: UCLAssics Graduate Group,"Metis promotes the understanding of how Classical scholarship is conducted in a dynamic setting (the University) in the contemporary world. As a club, we encourage student involvement in any aspect...", ,"[<p class=""contact"">
<a href=""mailto:rcmorrison@g.ucla.edu"">rcmorrison@g.ucla.edu</a><br/>
</p>]"
Model United Nations,To provide a forum for UCLA students and high school students to become acquainted with the roles of the United Nations and non-governmental organizations through speech and debate of international..., ,"[<p class=""contact"">
<a href=""https://www.uclamun.org"">https://www.uclamun.org</a><br/>
<a href=""mailto:info@bruinmun.org"">info@bruinmun.org</a><br/>
</p>]"
Mortar Board National Senior Honor Society,"Mortar Board is the premier national honor society recognizing college seniors for superior achievement in scholarship, leadership and service.  Membership is synonymous with dedication and success. ...", ,"[<p class=""contact"">
<a href=""http://www.mortarboardatucla.org"">http://www.mortarboardatucla.org</a><br/>
<a href=""mailto:president.agathai@gmail.com"">president.agathai@gmail.com</a><br/>
</p>]"
MSW STUDENT ALLIANCE,The MSW Student Alliance group at UCLA is a graduate student organization that welcomes Social Welfare students of all cultures and backgrounds. Student Alliance provides leadership for the..., ,"[<p class=""contact"">
<a href=""mailto:mswbulletin@gmail.com"">mswbulletin@gmail.com</a><br/>
</p>]"
"MUSE, An Undergraduate Music Studies Journal","MUSE is an undergraduate academic journal publishing student work in music scholarship. A student-run organization at UCLA, MUSE aims to allow undergraduate students an outlet to share their academic...", ,"[<p class=""contact"">
<a href=""https://uclamusclgy.github.io/index.html"">https://uclamusclgy.github.io/index.html</a><br/>
<a href=""mailto:uclamusejournal@gmail.com"">uclamusejournal@gmail.com</a><br/>
</p>]"
Musicology Graduate Students Society,Graduate student organization of the UCLA Department of Musicology., ,"[<p class=""contact"">
<a href=""mailto:uclamusicologydls@gmail.com"">uclamusicologydls@gmail.com</a><br/>
</p>]"
National Black Law Journal,UCLA-National Black Law Journal has been committed to scholarly discourse exploring the intersection of race and the law for thirty-five years. The NBLJ was started in 1970 by 5 African-American law...,https://www.instagram.com/uclaaxs/?hl=en,"[<p class=""contact"">
<a href=""mailto:nblj@lawnet.ucla.edu"">nblj@lawnet.ucla.edu</a><br/>
</p>]"
National Student Data Corps at UCLA,"NSDC @ UCLA will provide a platform for students to learn data science/machine learning, connect with like-minded people, and explore possible data-related careers. We believe that there is currently...", ,"[<p class=""contact"">
<a href=""https://www.nsdcucla.com"">https://www.nsdcucla.com</a><br/>
<a href=""mailto:nsdcucla@gmail.com"">nsdcucla@gmail.com</a><br/>
</p>]"
Neuroscience Undergraduate Society (NUS),"Established in 1994 and reestablished in Fall 2000, the Neuroscience Undergraduate Society (NUS) focuses on educating the UCLA community about the field of neuroscience and the Neuroscience major and...", ,"[<p class=""contact"">
<a href=""https://uclanus.wixsite.com/my-site"">https://uclanus.wixsite.com/my-site</a><br/>
<a href=""mailto:presidentnus@gmail.com"">presidentnus@gmail.com</a><br/>
</p>]"
Nu Alpha Kappa Fraternity Inc.,"Nu Alpha Kappa is a Latino-based fraternity, which encompasses and values all cultures. The fraternity shall be known as a fraternal organization comprised of Men of Mind, Men of Culture, and Men of...", ,"[<p class=""contact"">
<a href=""mailto:rho@nakinc.org"">rho@nakinc.org</a><br/>
</p>]"
O-Chem Tutoring,"We are a student-led organization that leads tutoring sessions for Chem 14C, Chem 14D, and Physics 5B. We lead our own sessions and make our own worksheets. We aim to provide an additional resource...", ,"[<p class=""contact"">
<a href=""mailto:ochemtutoringucla@gmail.com"">ochemtutoringucla@gmail.com</a><br/>
</p>]"
Pan African Nursing Students and Alumni Association ,The Pan African Nursing Student and Alumni Association (PANSAA) provides a forum that addresses the academic and social concerns of Black and other minority Students enrolled in the UCLA School of..., ,"[<p class=""contact"">
<a href=""mailto:Mcovin@sonnet.ucla.edu"">Mcovin@sonnet.ucla.edu</a><br/>
</p>]"
Pathology Student Interest Group,"Our purpose is to expand awareness and interest among medical and graduate students about the field of pathology. To achieve this mission, we: •	gain exposure to what a career in pathology entails •...", ,"[<p class=""contact"">
<a href=""mailto:ssakowitz@mednet.ucla.edu"">ssakowitz@mednet.ucla.edu</a><br/>
</p>]"
Pediatric Interest Club @ UCLA,To promote and advocate for the health of the pediatric population through community outreach and education for students interested in pediatric nursing in order to better the lives of children and..., ,"[<p class=""contact"">
<a href=""mailto:nayelivaltierra123@gmail.com"">nayelivaltierra123@gmail.com</a><br/>
</p>]"
Pediatrics Interest Group,"The Pediatric Interest Group (PIG) strives to educate medical students about the vast field of pediatrics by promoting student exploration of pediatrics and its subspecialties, providing...", ,"[<p class=""contact"">
<a href=""https://pig.dgsom.ucla.edu/"">https://pig.dgsom.ucla.edu/</a><br/>
<a href=""mailto:pigucla@gmail.com"">pigucla@gmail.com</a><br/>
</p>]"
Philosophy Club at UCLA,"The chief goal of the Philosophy Club is to provide a space for students to share and discuss ideas in an open-minded, friendly and respectful environment. This is a place where you can grapple with...", ,"[<p class=""contact"">
<a href=""https://philosophy.ucla.edu/undergraduate/philosophy-club/"">https://philosophy.ucla.edu/undergraduate/philosophy-club/</a><br/>
<a href=""mailto:bruin.philosophical.society@gmail.com"">bruin.philosophical.society@gmail.com</a><br/>
</p>]"
Pi Sigma Epsilon,"Pi Sigma Epsilon is a professional business fraternity specializing in the advancement of the sales, marketing, and management professions. We are a non-profit, co-ed organization with over sixty...", ,"[<p class=""contact"">
<a href=""https://www.pseucla.com"">https://www.pseucla.com</a><br/>
<a href=""mailto:uclapse@gmail.com"">uclapse@gmail.com</a><br/>
</p>]"
Platypus at UCLA,"Platypus is a project for the self-criticism, self-education, and, ultimately, the practical reconstitution of a Marxian Left. We host a weekly reading group, panels, and publish the Platypus...", ,"[<p class=""contact"">
<a href=""https://platypus1917.org/"">https://platypus1917.org/</a><br/>
<a href=""mailto:platypus.ucla@gmail.com"">platypus.ucla@gmail.com</a><br/>
</p>]"
Pre-Law Transfer Society,We are the first pre-law society that seeks to help transfer students at UCLA learn more about the law school admissions process and about careers in law., ,"[<p class=""contact"">
<a href=""http://prelawtransfersociety.com"">http://prelawtransfersociety.com</a><br/>
<a href=""mailto:prelawtransfersociety@gmail.com"">prelawtransfersociety@gmail.com</a><br/>
</p>]"
Pre-Med Community at UCLA,"The Pre-Med Community at UCLA is a 100% non-competitive organization that seeks to help UCLA pre-med students navigate their academic path and meet individuals like them. Through this club, members...", ,"[<p class=""contact"">
<a href=""https://uclapremedcommunity.weebly.com/"">https://uclapremedcommunity.weebly.com/</a><br/>
<a href=""mailto:PreMedCommunity@ucla.edu"">PreMedCommunity@ucla.edu</a><br/>
</p>]"
Pre-Med Undergraduate Mentorship Program (PUMP),"The Pre-Med Undergraduate Mentorship Program (PUMP) is a multifaceted organization that provides opportunities for leadership experience to upperclassmen through mentoring and program administration,...", ,"[<p class=""contact"">
<a href=""http://pumpatucla.wordpress.com"">http://pumpatucla.wordpress.com</a><br/>
<a href=""mailto:pump.ucla@gmail.com"">pump.ucla@gmail.com</a><br/>
</p>]"
Pre-Professional Advisement and Training Honor Society (PATHS),"Our goal is to provide each and every mentee with not only a career specific mentor, but a community of like minded peers with which they can foster both professional and personal relationships along...", ,"[<p class=""contact"">
<a href=""http://pathsucla.weebly.com"">http://pathsucla.weebly.com</a><br/>
<a href=""mailto:paths.ucla@gmail.com"">paths.ucla@gmail.com</a><br/>
</p>]"
Project Smile At UCLA,Project Smile UCLA is a chapter of Project Smile Global. Project Smile Global is a student-led 501(c)(3) nonprofit organization dedicated to fighting oral health disparities worldwide. Our mission is..., ,"[<p class=""contact"">
<a href=""mailto:projectsmileucla@gmail.com"">projectsmileucla@gmail.com</a><br/>
</p>]"
Psi Chi International Honor Society in Psychology,"What is Psi Chi?  Psi Chi is the International Honor Society in Psychology, founded in 1929 for the purposes of encouraging, stimulating, and maintaining excellence in scholarship, and advancing the...", ,"[<p class=""contact"">
<a href=""https://uclapsichi.weebly.com/"">https://uclapsichi.weebly.com/</a><br/>
<a href=""mailto:uclapsichi@gmail.com"">uclapsichi@gmail.com</a><br/>
</p>]"
Public Health Nutrition Club ,"The Public Health Nutrition Club (PHNC) is based out of the Fielding School of Public Health, however we are open to any UCLA community member to join. PHNC is dedicated to championing nutrition in...", ,"[<p class=""contact"">
<a href=""mailto:phnc.ucla@gmail.com"">phnc.ucla@gmail.com</a><br/>
</p>]"
PULSAR,The PhD and Undergraduate Life Scientists in Academic Research (PULSAR) organization strives to build a sense of community in which undergraduates can connect and present their research in the life..., ,"[<p class=""contact"">
<a href=""https://pulsarucla.weebly.com"">https://pulsarucla.weebly.com</a><br/>
<a href=""mailto:pulsarucla@gmail.com"">pulsarucla@gmail.com</a><br/>
</p>]"
Q-Scholars,"Q-Scholars of UCLA strives to give Queer undergraduate students the opportunity to engage in and present research that focuses on Queer themes and issues. As an organization, Q-Scholars challenges...", ,"[<p class=""contact"">
<a href=""mailto:uclaqscholars@gmail.com"">uclaqscholars@gmail.com</a><br/>
</p>]"
Quantum Computing Student Association,"The Quantum Computing Student Association (QCSA) at UCLA is a combined undergraduate and graduate student group under the CQSE focused on everything under the umbrella of quantum information science,...",https://www.instagram.com/uclaaldpes/,"[<p class=""contact"">
<a href=""http://qcsa.cqse.ucla.edu/"">http://qcsa.cqse.ucla.edu/</a><br/>
<a href=""mailto:quantum.ucla@gmail.com"">quantum.ucla@gmail.com</a><br/>
</p>]"
Quiet,"Quiet is a club designed for introverts, to connect with each other, to learn more about their nature, and to enable success in a sea of extroverts! We have workshops, speakers, and ""socials!""", ,"[<p class=""contact"">
<a href=""mailto:quietclubucla@gmail.com"">quietclubucla@gmail.com</a><br/>
</p>]"
Quiz Bowl at UCLA,Quiz Bowl is an academic trivia competition. We have fun learning as much as we can and competing against other universities., ,"[<p class=""contact"">
<a href=""mailto:quizbowl@g.ucla.edu"">quizbowl@g.ucla.edu</a><br/>
</p>]"
SEAM: Student Exploration of Academic Medicine at UCLA,"An Undergraduate Student organization seeking to: Promote scientific collaboration and engagement between club members, Provide opportunities for undergraduates to learn about new biomedical...", ,"[<p class=""contact"">
<a href=""https://www.seamatucla.com/"">https://www.seamatucla.com/</a><br/>
<a href=""mailto:seamatucla@gmail.com"">seamatucla@gmail.com</a><br/>
</p>]"
Sigma Pi Sigma,"Sigma Pi Sigma is UCLA's physics honors fraternity. Sigma Pi Sigma members will have access to networking events, socials, professional development, and opportunities to interact with professors in a...", ,"[<p class=""contact"">
<a href=""mailto:Sigpisig@gmail.com"">Sigpisig@gmail.com</a><br/>
</p>]"
"Sigma Tau Delta, English Honors Society at UCLA",Sigma Tau Delta is an International English Honors Society. We exist to promote the discipline of English studies at the undergraduate level. We encourage our members to advance their study of..., ,"[<p class=""contact"">
<a href=""http://english.ucla.edu/undergraduate-opportunities-societies/"">http://english.ucla.edu/undergraduate-opportunities-societies/</a><br/>
<a href=""mailto:uclasigmataudelta@gmail.com"">uclasigmataudelta@gmail.com</a><br/>
</p>]"
Society and Genetics Undergraduate Organization at UCLA,"Interested in Medicine, Law, Bioethics, or Public Health? Our organization promotes an interdisciplinary approach to current issues at the intersection of science, health, and society. We host...", ,"[<p class=""contact"">
<a href=""https://socgenucla.wixsite.com/sguo"">https://socgenucla.wixsite.com/sguo</a><br/>
<a href=""mailto:socgen.ucla@gmail.com"">socgen.ucla@gmail.com</a><br/>
</p>]"
Society for Advancement of Chicanos/Hispanics and Native Americans in Science (SACNAS) at UCLA,"SACNAS at UCLA is part of the SACNAS National Organization. Both the National Organization and the Chapter are dedicated to fostering the success of Chicano/Latino, Native American and other...", ,"[<p class=""contact"">
<a href=""http://www.sacnasatucla.com/"">http://www.sacnasatucla.com/</a><br/>
<a href=""mailto:sacnas.ucla@gmail.com"">sacnas.ucla@gmail.com</a><br/>
</p>]"
Society for Gender Equity in Geoscience,"The mission of the Society for Gender Equity in Geoscience is to promote gender equity in the geophysical sciences through outreach, community building, institutional reform, and career development.", ,"[<p class=""contact"">
<a href=""http://sgeg.ucla.edu/"">http://sgeg.ucla.edu/</a><br/>
<a href=""mailto:sgegatucla@gmail.com"">sgegatucla@gmail.com</a><br/>
</p>]"
Society of California Archivists,"This is the student chapter of the Society of California Archivists.  ""The Society of California Archivists, Inc. exists to support and develop the education of those who collect, care for, and...", ,"[<p class=""contact"">
<a href=""mailto:uclasca@gmail.com"">uclasca@gmail.com</a><br/>
</p>]"
Sociology Undergraduate Association,"The Sociology Undergraduate Association is committed to fostering a vibrant, enriching community among students interested in the academic pursuit of sociology. Through offering relevant resources...", ,"[<p class=""contact"">
<a href=""https://soc.ucla.edu/undergraduate-study/sociology-undergraduate-advisory-board/sociology-undergradu"">https://soc.ucla.edu/undergraduate-study/sociology-undergraduate-advisory-board/sociology-undergradu</a><br/>
<a href=""mailto:sua@ucla.edu"">sua@ucla.edu</a><br/>
</p>]"
Spanish & Portuguese Graduate Student Association,"The Spanish & Portuguese Graduate Student Association (SPGSA) acts as a bridge between graduate students, our faculty colleagues, and the wider UCLA community. Members of this annually elected...", ,"[<p class=""contact"">
<a href=""mailto:spgsaucla@gmail.com"">spgsaucla@gmail.com</a><br/>
</p>]"
Statistics Students Association,"Stats Club at UCLA hosts social events, workshops, and guest talks for students who are interested in statistics, data science, and more. We also help organize the annual ASA DataFest — the largest...", ,"[<p class=""contact"">
<a href=""http://statistics.ucla.edu/index.php/groups/statistics-club-at-ucla/"">http://statistics.ucla.edu/index.php/groups/statistics-club-at-ucla/</a><br/>
<a href=""mailto:statistics.ucla@gmail.com"">statistics.ucla@gmail.com</a><br/>
</p>]"
"Student Members of the American Chemical Society, UCLA Chapter","SMACS aims to foster a social community of chemists interested in research, outreach, professional development, and careers in the field of chemistry. We hold weekly meetings (Wednesdays 6-7pm) in...", ,"[<p class=""contact"">
<a href=""https://smacsbruins.wixsite.com/smacsucla"">https://smacsbruins.wixsite.com/smacsucla</a><br/>
<a href=""mailto:smacsbruins@gmail.com"">smacsbruins@gmail.com</a><br/>
</p>]"
Student Stroke Team,"In 1992, recognizing the need for earlier detection and treatment of strokes, famed UCLA emergency room physician and neurologist Dr. Sidney Starkman gathered a fortunate group of UCLA undergraduate...", ,"[<p class=""contact"">
<a href=""https://strokeprogram.weebly.com/"">https://strokeprogram.weebly.com/</a><br/>
<a href=""mailto:stroke@ucla.edu"">stroke@ucla.edu</a><br/>
</p>]"
Student Virology Group,"The Student Virology Group (SVG) aims to promote the study of virology both at UCLA and in the surrounding Los Angeles community. Regardless of your familiarity with virology, we welcome you to join...", ,"[<p class=""contact"">
<a href=""mailto:svg.ucla@gmail.com"">svg.ucla@gmail.com</a><br/>
</p>]"
Students for Integrative Medicine (SIM),"Students for Integrative Medicine (SIM) is a student group at UCLA that strives to raise student awareness for evidence-based, integrative, and whole-person approaches to medicine and health. The...", ,"[<p class=""contact"">
<a href=""https://simatucla.wixsite.com/uclasim"">https://simatucla.wixsite.com/uclasim</a><br/>
<a href=""mailto:SIMatUCLA@gmail.com"">SIMatUCLA@gmail.com</a><br/>
</p>]"
The Big Bang Theory Scholars Society,"The Big Bang Theory Scholars Society is a growing multitude of highly driven students in STEM related fields, that has received scholarships from The Big Bang Theory Scholarship Endowment. The...", ,"[<p class=""contact"">
<a href=""mailto:tbbtscholarssociety@gmail.com"">tbbtscholarssociety@gmail.com</a><br/>
</p>]"
The Bruin Institute ,"The Bruin Institute is a distinguished research institution at the forefront of economic analysis and policy development, with a deep commitment to advancing the field of economics and promoting...", ,"[<p class=""contact"">
<a href=""mailto:office.thebruininstitute@gmail.com"">office.thebruininstitute@gmail.com</a><br/>
</p>]"
The Classical Society at UCLA,"The Classical Society at UCLA is a community of Classics-interested undergraduates of all majors and academic backgrounds. Through both academic and social events, it provides opportunities for...", ,"[<p class=""contact"">
<a href=""mailto:uclaclassicalsociety@gmail.com"">uclaclassicalsociety@gmail.com</a><br/>
</p>]"
The Healthcare Improvement and Innovation in Quality (THINQ) at UCLA,The Healthcare Improvement and Innovation in Quality (THINQ) Collaborative is a group of undergraduate and graduate students working with physicians at Ronald Reagan UCLA Medical Center to conduct..., ,"[<p class=""contact"">
<a href=""mailto:thinqadmissions@gmail.com"">thinqadmissions@gmail.com</a><br/>
</p>]"
Theory @ UCLA,"We're the first theoretical computer science community at UCLA. We're planning to organize reading groups, workshops, socials and foster a community for people that are interested in the field of...", ,"[<p class=""contact"">
<a href=""http://www.theoryatucla.com"">http://www.theoryatucla.com</a><br/>
<a href=""mailto:boranerol@ucla.edu"">boranerol@ucla.edu</a><br/>
</p>]"
Umoja,"UMOJA (A Kiswahili word meaning unity) is a community and critical resource dedicated to enhancing the cultural and educational experiences, careers, and future of African American and other students.", ,"[<p class=""contact"">
<a href=""https://umojacommunity.org/contact"">https://umojacommunity.org/contact</a><br/>
<a href=""mailto:uclaumoja@gmail.com"">uclaumoja@gmail.com</a><br/>
</p>]"
Undergraduate Anthropological Association at UCLA,The purpose of the Undergraduate Anthropological Association at UCLA (UAA at UCLA) is to foster a lively community of undergraduate students studying or interested in the diverse field of..., ,"[<p class=""contact"">
<a href=""mailto:uaa@anthro.ucla.edu"">uaa@anthro.ucla.edu</a><br/>
</p>]"
Undergraduate Bioethics Journal,"The Undergraduate Bioethics Journal is an undergraduate journal exploring the intersection of ethics, biology, society, public health, and public policy. The Journal is staffed by undergraduate...", ,"[<p class=""contact"">
<a href=""mailto:uclabioethicsjournal@gmail.com"">uclabioethicsjournal@gmail.com</a><br/>
</p>]"
Undergraduate Economics Society,"The UCLA Undergraduate Economics Society (UES) dedicates itself to providing a platform to unify, represent and advance the interests of the undergraduate economics student body. The organization...", ,"[<p class=""contact"">
<a href=""http://uesatucla.com/"">http://uesatucla.com/</a><br/>
<a href=""mailto:undergradeconsoc.ucla@gmail.com"">undergradeconsoc.ucla@gmail.com</a><br/>
</p>]"
Undergraduate Interdisciplinary Research Association,The Undergraduate Interdisciplinary Research Association shines a spotlight on the work of undergraduate students working in interdisciplinary research. We recognize both the diverse interests of..., ,"[<p class=""contact"">
<a href=""https://uclaura-web.s3.us-west-1.amazonaws.com/index.html"">https://uclaura-web.s3.us-west-1.amazonaws.com/index.html</a><br/>
<a href=""mailto:uclauira24@gmail.com"">uclauira24@gmail.com</a><br/>
</p>]"
Undergraduate Math Council,"The Undergraduate Math Council is a council made up of undergraduate students, directly affiliated with the UCLA Math Department. Mathematics, and STEM at large, often carries an air of exclusivity,...", ,"[<p class=""contact"">
<a href=""http://math.ucla.edu"">http://math.ucla.edu</a><br/>
<a href=""mailto:ugrad@math.ucla.edu"">ugrad@math.ucla.edu</a><br/>
</p>]"
Undergraduate Mathematics Students Association,The Undergraduate Mathematics Students Association is a student group sponsored by the UCLA Mathematics Department. We are open to all UCLA undergraduate students who are interested in mathematics. ..., ,"[<p class=""contact"">
<a href=""mailto:umsa@g.ucla.edu"">umsa@g.ucla.edu</a><br/>
</p>]"
"Undergraduate Psychology Society at UCLA, The","We are students who want to create a diverse and inclusive community that shares the field of psychology with all who can benefit, regardless of major.   We will provide a more in-depth understanding...", ,"[<p class=""contact"">
<a href=""https://tupsbruins.wixsite.com/site"">https://tupsbruins.wixsite.com/site</a><br/>
<a href=""mailto:tupsbruins@g.ucla.edu"">tupsbruins@g.ucla.edu</a><br/>
</p>]"
"Undergraduate Research Journal of Psychology, The","An annual publication of collaborative efforts between undergraduate students at UCLA and other universities, The Undergraduate Journal of Psychology at UCLA aims to promote and disseminate student...", ,"[<p class=""contact"">
<a href=""http://urjp.psych.ucla.edu"">http://urjp.psych.ucla.edu</a><br/>
<a href=""mailto:psychjournal.ucla@gmail.com"">psychjournal.ucla@gmail.com</a><br/>
</p>]"
Undergraduate Science Journal,"The Undergraduate Science Journal (USJ) is a peer-reviewed, student-run academic journal funded by UCLA's Undergraduate Research Center—Center for Academic and Research Excellence (URC-CARE) with...", ,"[<p class=""contact"">
<a href=""http://uclausj.weebly.com/"">http://uclausj.weebly.com/</a><br/>
<a href=""mailto:usj@ucla.edu"">usj@ucla.edu</a><br/>
</p>]"
Underrepresented Graduate Students in Psychology,"Underrepresented Graduate Students in Psychology (UGSP) is a group dedicated to supporting and advocating for psychology students from racial, linguistic, geographic, or socioeconomic backgrounds...", ,"[<p class=""contact"">
<a href=""http://ugsp.psych.ucla.edu/"">http://ugsp.psych.ucla.edu/</a><br/>
<a href=""mailto:ucla.ugsp@gmail.com"">ucla.ugsp@gmail.com</a><br/>
</p>]"
University of California Chemical Symposium (UCCS),"We are an annually held, University of California wide conference for undergraduates, graduate students, and postdocs doing research in chemistry fields to come together and present their research in...", ,"[<p class=""contact"">
<a href=""http://ucchemsym.org"">http://ucchemsym.org</a><br/>
<a href=""mailto:ucchemsym@gmail.com"">ucchemsym@gmail.com</a><br/>
</p>]"
USAC Academic Affairs Commission,To advocate on behalf of the UCLA undergraduate body to the administration on all issues affecting academic life., ,"[<p class=""contact"">
<a href=""https://www.usacacademicaffairscommission.com"">https://www.usacacademicaffairscommission.com</a><br/>
<a href=""mailto:usaaac@gmail.com"">usaaac@gmail.com</a><br/>
</p>]"
Vis International Moot Organization,The purpose of VIMO shall be as follows: 1. To foster an active interest in international commercial arbitration among UCLA School of Law students. 2. To promote deeper understanding of discrete..., ,"[<p class=""contact"">
<a href=""mailto:vimo@lawnet.ucla.edu"">vimo@lawnet.ucla.edu</a><br/>
</p>]"
Watts Tutorial Program,"The Watts Tutorial Program serves the educational needs of underprivileged elementary through high school students residing in the Nickerson Garden, Imperial Court, and William Mead housing...", ,"[<p class=""contact"">
<a href=""http://wattstutorialprogramatucla.com/"">http://wattstutorialprogramatucla.com/</a><br/>
<a href=""mailto:wattstutorialprogram@gmail.com"">wattstutorialprogram@gmail.com</a><br/>
</p>]"
Wired for Empathy at UCLA,Wired for Empathy (WE) is a non-profit organization aimed at connecting underserved elderly homes with UCLA students who are willing to speak about their passions and expertise in the greater Los..., ,"[<p class=""contact"">
<a href=""https://wiredforempathy.wixsite.com/ucla"">https://wiredforempathy.wixsite.com/ucla</a><br/>
<a href=""mailto:wired.for.empathy@gmail.com"">wired.for.empathy@gmail.com</a><br/>
</p>]"
Women's Collective,"This organization plans to meet Mondays 6:00-8:00 pm. These meetings will entail presentations or discussions over topics related to our political, social, and cultural climates.   ", ,"[<p class=""contact"">
<a href=""mailto:womenscollective.ucla@gmail.com"">womenscollective.ucla@gmail.com</a><br/>
</p>]"
WTS Student Chapter @ UCLA,WTS-UCLA is dedicated to the representation and empowerment of UCLA students interested in the field of transportation. Our aim is to ensure students have the necessary skills and network to improve..., ,"[<p class=""contact"">
<a href=""mailto:wtsucla@googlegroups.com"">wtsucla@googlegroups.com</a><br/>
</p>]"
Youth Empowerment in Science (Y.E.S.) at UCLA,"YES at UCLA is an organization inspiring the next generation of scientists through a team of highly motivated, undergraduate educators. Our ultimate vision is to show young students (3rd to 5th...", ,"[<p class=""contact"">
<a href=""https://www.yesatucla.com/"">https://www.yesatucla.com/</a><br/>
<a href=""mailto:yesatucla@gmail.com"">yesatucla@gmail.com</a><br/>
</p>]"
